{"cameraMode":{"drawMode":0,"name":"Shaded","section":"Shading Mode"},"sceneLighting":true,"audioPlay":false,"sceneViewState":{"m_AlwaysRefresh":false,"showFog":true,"showSkybox":true,"showFlares":true,"showImageEffects":true,"showParticleSystems":true,"showVisualEffectGraphs":true,"m_FxEnabled":true},"in2DMode":false,"pivot":{"x":395.17620849609377,"y":0.2831993103027344,"z":321.72991943359377},"rotation":{"x":-0.19697044789791108,"y":0.05930481478571892,"z":-0.017545802518725396,"w":-0.9788839221000671},"size":12.622489929199219,"orthographic":false}