{"cameraMode":{"drawMode":0,"name":"Shaded","section":"Shading Mode"},"sceneLighting":true,"audioPlay":false,"sceneViewState":{"m_AlwaysRefresh":false,"showFog":true,"showSkybox":true,"showFlares":true,"showImageEffects":true,"showParticleSystems":true,"showVisualEffectGraphs":true,"m_FxEnabled":true},"in2DMode":false,"pivot":{"x":398.2916564941406,"y":8.389352798461914,"z":306.2392578125},"rotation":{"x":0.004438815638422966,"y":0.9992243051528931,"z":-0.051894862204790118,"w":0.0036282024811953308},"size":3.259331464767456,"orthographic":false}